running recipe
recipe finished, closing ledger
ledger closed
--
-- PostgreSQL database dump
--

-- Dumped from database version 10.3
-- Dumped by pg_dump version 10.3

SET statement_timeout = 0;
SET lock_timeout = 0;
SET idle_in_transaction_session_timeout = 0;
SET client_encoding = 'UTF8';
SET standard_conforming_strings = on;
SELECT pg_catalog.set_config('search_path', '', false);
SET check_function_bodies = false;
SET client_min_messages = warning;
SET row_security = off;

DROP INDEX IF EXISTS public.signersaccount;
DROP INDEX IF EXISTS public.sellingissuerindex;
DROP INDEX IF EXISTS public.scpquorumsbyseq;
DROP INDEX IF EXISTS public.scpenvsbyseq;
DROP INDEX IF EXISTS public.priceindex;
DROP INDEX IF EXISTS public.ledgersbyseq;
DROP INDEX IF EXISTS public.histfeebyseq;
DROP INDEX IF EXISTS public.histbyseq;
DROP INDEX IF EXISTS public.buyingissuerindex;
DROP INDEX IF EXISTS public.accountbalances;
ALTER TABLE IF EXISTS ONLY public.txhistory DROP CONSTRAINT IF EXISTS txhistory_pkey;
ALTER TABLE IF EXISTS ONLY public.txfeehistory DROP CONSTRAINT IF EXISTS txfeehistory_pkey;
ALTER TABLE IF EXISTS ONLY public.trustlines DROP CONSTRAINT IF EXISTS trustlines_pkey;
ALTER TABLE IF EXISTS ONLY public.storestate DROP CONSTRAINT IF EXISTS storestate_pkey;
ALTER TABLE IF EXISTS ONLY public.signers DROP CONSTRAINT IF EXISTS signers_pkey;
ALTER TABLE IF EXISTS ONLY public.scpquorums DROP CONSTRAINT IF EXISTS scpquorums_pkey;
ALTER TABLE IF EXISTS ONLY public.pubsub DROP CONSTRAINT IF EXISTS pubsub_pkey;
ALTER TABLE IF EXISTS ONLY public.publishqueue DROP CONSTRAINT IF EXISTS publishqueue_pkey;
ALTER TABLE IF EXISTS ONLY public.peers DROP CONSTRAINT IF EXISTS peers_pkey;
ALTER TABLE IF EXISTS ONLY public.offers DROP CONSTRAINT IF EXISTS offers_pkey;
ALTER TABLE IF EXISTS ONLY public.ledgerheaders DROP CONSTRAINT IF EXISTS ledgerheaders_pkey;
ALTER TABLE IF EXISTS ONLY public.ledgerheaders DROP CONSTRAINT IF EXISTS ledgerheaders_ledgerseq_key;
ALTER TABLE IF EXISTS ONLY public.ban DROP CONSTRAINT IF EXISTS ban_pkey;
ALTER TABLE IF EXISTS ONLY public.accounts DROP CONSTRAINT IF EXISTS accounts_pkey;
ALTER TABLE IF EXISTS ONLY public.accountdata DROP CONSTRAINT IF EXISTS accountdata_pkey;
DROP TABLE IF EXISTS public.txhistory;
DROP TABLE IF EXISTS public.txfeehistory;
DROP TABLE IF EXISTS public.trustlines;
DROP TABLE IF EXISTS public.storestate;
DROP TABLE IF EXISTS public.signers;
DROP TABLE IF EXISTS public.scpquorums;
DROP TABLE IF EXISTS public.scphistory;
DROP TABLE IF EXISTS public.pubsub;
DROP TABLE IF EXISTS public.publishqueue;
DROP TABLE IF EXISTS public.peers;
DROP TABLE IF EXISTS public.offers;
DROP TABLE IF EXISTS public.ledgerheaders;
DROP TABLE IF EXISTS public.ban;
DROP TABLE IF EXISTS public.accounts;
DROP TABLE IF EXISTS public.accountdata;
DROP EXTENSION IF EXISTS plpgsql;
DROP SCHEMA IF EXISTS public;
--
-- Name: public; Type: SCHEMA; Schema: -; Owner: -
--

CREATE SCHEMA public;


--
-- Name: SCHEMA public; Type: COMMENT; Schema: -; Owner: -
--

COMMENT ON SCHEMA public IS 'standard public schema';


--
-- Name: plpgsql; Type: EXTENSION; Schema: -; Owner: -
--

CREATE EXTENSION IF NOT EXISTS plpgsql WITH SCHEMA pg_catalog;


--
-- Name: EXTENSION plpgsql; Type: COMMENT; Schema: -; Owner: -
--

COMMENT ON EXTENSION plpgsql IS 'PL/pgSQL procedural language';


SET default_tablespace = '';

SET default_with_oids = false;

--
-- Name: accountdata; Type: TABLE; Schema: public; Owner: -
--

CREATE TABLE public.accountdata (
    accountid character varying(56) NOT NULL,
    dataname character varying(64) NOT NULL,
    datavalue character varying(112) NOT NULL,
    lastmodified integer DEFAULT 0 NOT NULL
);


--
-- Name: accounts; Type: TABLE; Schema: public; Owner: -
--

CREATE TABLE public.accounts (
    accountid character varying(56) NOT NULL,
    balance bigint NOT NULL,
    seqnum bigint NOT NULL,
    numsubentries integer NOT NULL,
    inflationdest character varying(56),
    homedomain character varying(32) NOT NULL,
    thresholds text NOT NULL,
    flags integer NOT NULL,
    lastmodified integer NOT NULL,
    CONSTRAINT accounts_balance_check CHECK ((balance >= 0)),
    CONSTRAINT accounts_numsubentries_check CHECK ((numsubentries >= 0))
);


--
-- Name: ban; Type: TABLE; Schema: public; Owner: -
--

CREATE TABLE public.ban (
    nodeid character(56) NOT NULL
);


--
-- Name: ledgerheaders; Type: TABLE; Schema: public; Owner: -
--

CREATE TABLE public.ledgerheaders (
    ledgerhash character(64) NOT NULL,
    prevhash character(64) NOT NULL,
    bucketlisthash character(64) NOT NULL,
    ledgerseq integer,
    closetime bigint NOT NULL,
    data text NOT NULL,
    CONSTRAINT ledgerheaders_closetime_check CHECK ((closetime >= 0)),
    CONSTRAINT ledgerheaders_ledgerseq_check CHECK ((ledgerseq >= 0))
);


--
-- Name: offers; Type: TABLE; Schema: public; Owner: -
--

CREATE TABLE public.offers (
    sellerid character varying(56) NOT NULL,
    offerid bigint NOT NULL,
    sellingassettype integer NOT NULL,
    sellingassetcode character varying(12),
    sellingissuer character varying(56),
    buyingassettype integer NOT NULL,
    buyingassetcode character varying(12),
    buyingissuer character varying(56),
    amount bigint NOT NULL,
    pricen integer NOT NULL,
    priced integer NOT NULL,
    price double precision NOT NULL,
    flags integer NOT NULL,
    lastmodified integer NOT NULL,
    CONSTRAINT offers_amount_check CHECK ((amount >= 0)),
    CONSTRAINT offers_offerid_check CHECK ((offerid >= 0))
);


--
-- Name: peers; Type: TABLE; Schema: public; Owner: -
--

CREATE TABLE public.peers (
    ip character varying(15) NOT NULL,
    port integer DEFAULT 0 NOT NULL,
    nextattempt timestamp without time zone NOT NULL,
    numfailures integer DEFAULT 0 NOT NULL,
    CONSTRAINT peers_numfailures_check CHECK ((numfailures >= 0)),
    CONSTRAINT peers_port_check CHECK (((port > 0) AND (port <= 65535)))
);


--
-- Name: publishqueue; Type: TABLE; Schema: public; Owner: -
--

CREATE TABLE public.publishqueue (
    ledger integer NOT NULL,
    state text
);


--
-- Name: pubsub; Type: TABLE; Schema: public; Owner: -
--

CREATE TABLE public.pubsub (
    resid character(32) NOT NULL,
    lastread integer
);


--
-- Name: scphistory; Type: TABLE; Schema: public; Owner: -
--

CREATE TABLE public.scphistory (
    nodeid character(56) NOT NULL,
    ledgerseq integer NOT NULL,
    envelope text NOT NULL,
    CONSTRAINT scphistory_ledgerseq_check CHECK ((ledgerseq >= 0))
);


--
-- Name: scpquorums; Type: TABLE; Schema: public; Owner: -
--

CREATE TABLE public.scpquorums (
    qsethash character(64) NOT NULL,
    lastledgerseq integer NOT NULL,
    qset text NOT NULL,
    CONSTRAINT scpquorums_lastledgerseq_check CHECK ((lastledgerseq >= 0))
);


--
-- Name: signers; Type: TABLE; Schema: public; Owner: -
--

CREATE TABLE public.signers (
    accountid character varying(56) NOT NULL,
    publickey character varying(56) NOT NULL,
    weight integer NOT NULL
);


--
-- Name: storestate; Type: TABLE; Schema: public; Owner: -
--

CREATE TABLE public.storestate (
    statename character(32) NOT NULL,
    state text
);


--
-- Name: trustlines; Type: TABLE; Schema: public; Owner: -
--

CREATE TABLE public.trustlines (
    accountid character varying(56) NOT NULL,
    assettype integer NOT NULL,
    issuer character varying(56) NOT NULL,
    assetcode character varying(12) NOT NULL,
    tlimit bigint NOT NULL,
    balance bigint NOT NULL,
    flags integer NOT NULL,
    lastmodified integer NOT NULL,
    CONSTRAINT trustlines_balance_check CHECK ((balance >= 0)),
    CONSTRAINT trustlines_tlimit_check CHECK ((tlimit > 0))
);


--
-- Name: txfeehistory; Type: TABLE; Schema: public; Owner: -
--

CREATE TABLE public.txfeehistory (
    txid character(64) NOT NULL,
    ledgerseq integer NOT NULL,
    txindex integer NOT NULL,
    txchanges text NOT NULL,
    CONSTRAINT txfeehistory_ledgerseq_check CHECK ((ledgerseq >= 0))
);


--
-- Name: txhistory; Type: TABLE; Schema: public; Owner: -
--

CREATE TABLE public.txhistory (
    txid character(64) NOT NULL,
    ledgerseq integer NOT NULL,
    txindex integer NOT NULL,
    txbody text NOT NULL,
    txresult text NOT NULL,
    txmeta text NOT NULL,
    CONSTRAINT txhistory_ledgerseq_check CHECK ((ledgerseq >= 0))
);


--
-- Data for Name: accountdata; Type: TABLE DATA; Schema: public; Owner: -
--



--
-- Data for Name: accounts; Type: TABLE DATA; Schema: public; Owner: -
--

INSERT INTO public.accounts VALUES ('GBRPYHIL2CI3FNQ4BXLFMNDLFJUNPU2HY3ZMFSHONUCEOASW7QC7OX2H', 999999969999999700, 3, 0, NULL, '', 'AQAAAA==', 0, 2);
INSERT INTO public.accounts VALUES ('GCXKG6RN4ONIEPCMNFB732A436Z5PNDSRLGWK7GBLCMQLIFO4S7EYWVU', 9999999900, 8589934593, 1, NULL, '', 'AQAAAA==', 0, 4);
INSERT INTO public.accounts VALUES ('GBXGQJWVLWOYHFLVTKWV5FGHA3LNYY2JQKM7OAJAUEQFU6LPCSEFVXON', 9999999900, 8589934593, 1, NULL, '', 'AQAAAA==', 0, 5);
INSERT INTO public.accounts VALUES ('GC23QF2HUE52AMXUFUH3AYJAXXGXXV2VHXYYR6EYXETPKDXZSAW67XO4', 9999999500, 8589934597, 0, NULL, '', 'AQAAAA==', 3, 8);


--
-- Data for Name: ban; Type: TABLE DATA; Schema: public; Owner: -
--



--
-- Data for Name: ledgerheaders; Type: TABLE DATA; Schema: public; Owner: -
--

INSERT INTO public.ledgerheaders VALUES ('9a98223e8c8622746163179b2ffaee0a0758889b5a50c9fa4093bded4a735053', '0000000000000000000000000000000000000000000000000000000000000000', '572a2e32ff248a07b0e70fd1f6d318c1facd20b6cc08c33d5775259868125a16', 1, 0, 'AAAAAAAAAAAAAAAAAAAAAAAAAAAAAAAAAAAAAAAAAAAAAAAAAAAAAAAAAAAAAAAAAAAAAAAAAAAAAAAAAAAAAAAAAAAAAAAAAAAAAAAAAAAAAAAAAAAAAAAAAAAAAAAAAAAAAAAAAAAAAAAAAAAAAAAAAABXKi4y/ySKB7DnD9H20xjB+s0gtswIwz1XdSWYaBJaFgAAAAEN4Lazp2QAAAAAAAAAAAAAAAAAAAAAAAAAAAAAAAAAZAAAAC0F9eEAAAAAZAAAAAAAAAAAAAAAAAAAAAAAAAAAAAAAAAAAAAAAAAAAAAAAAAAAAAAAAAAAAAAAAAAAAAAAAAAAAAAAAAAAAAAAAAAAAAAAAAAAAAAAAAAAAAAAAAAAAAAAAAAAAAAAAAAAAAAAAAAAAAAAAAAAAAAAAAAAAAAAAAAAAAAAAAAAAAAAAA==');
INSERT INTO public.ledgerheaders VALUES ('577aa59787a74ecd96661650032a162be6dd5d7e0368f2cd8db4b73913ae96ae', '9a98223e8c8622746163179b2ffaee0a0758889b5a50c9fa4093bded4a735053', '01b733cfde9f97fb8d590e1baf6ea77d8013e13006b4e13f8519346d93dc87b4', 2, 1523238866, 'AAAACZqYIj6MhiJ0YWMXmy/67goHWIibWlDJ+kCTve1Kc1BTNmHiLQ9WO/oz1CYkX6FhW8pD6KM8s5vZJd2P7nv+ylwAAAAAWsrH0gAAAAIAAAAIAAAAAQAAAAkAAAAIAAAAAwAAJxAAAAAAj6+p+aI7JvbSfHisaUUAXhzcG+/2YWJE2bnf4zuV8i4BtzPP3p+X+41ZDhuvbqd9gBPhMAa04T+FGTRtk9yHtAAAAAIN4Lazp2QAAAAAAAAAAAEsAAAAAAAAAAAAAAAAAAAAZAAAAC0F9eEAAAAnEAAAAAAAAAAAAAAAAAAAAAAAAAAAAAAAAAAAAAAAAAAAAAAAAAAAAAAAAAAAAAAAAAAAAAAAAAAAAAAAAAAAAAAAAAAAAAAAAAAAAAAAAAAAAAAAAAAAAAAAAAAAAAAAAAAAAAAAAAAAAAAAAAAAAAAAAAAAAAAAAAAAAAAAAAAAAAAAAA==');
INSERT INTO public.ledgerheaders VALUES ('5221baf7e3e98175d6e65d9bffa9142d315b91de6aee8f53027971a85d1fbd5c', '577aa59787a74ecd96661650032a162be6dd5d7e0368f2cd8db4b73913ae96ae', '39884abf2a5c1b93f305bbde369e6648cedf9c7e941046f5af2ba84b8152779f', 3, 1523238867, 'AAAACVd6pZeHp07NlmYWUAMqFivm3V1+A2jyzY20tzkTrpauDrzTMgFXmdbDj9QAR6CEXD5pbYs/c8qidimNEfg1Cd4AAAAAWsrH0wAAAAAAAAAATlvjBWe7MinR9n7UosajCKxUpgQMBBbhmF6bHAvPHGU5iEq/Klwbk/MFu942nmZIzt+cfpQQRvWvK6hLgVJ3nwAAAAMN4Lazp2QAAAAAAAAAAAH0AAAAAAAAAAAAAAAAAAAAZAAAAC0F9eEAAAAnEAAAAAAAAAAAAAAAAAAAAAAAAAAAAAAAAAAAAAAAAAAAAAAAAAAAAAAAAAAAAAAAAAAAAAAAAAAAAAAAAAAAAAAAAAAAAAAAAAAAAAAAAAAAAAAAAAAAAAAAAAAAAAAAAAAAAAAAAAAAAAAAAAAAAAAAAAAAAAAAAAAAAAAAAAAAAAAAAA==');
INSERT INTO public.ledgerheaders VALUES ('28ec9326492f3adb4857549bb521bf23902bf54f4b7f28b622501b623ee7004f', '5221baf7e3e98175d6e65d9bffa9142d315b91de6aee8f53027971a85d1fbd5c', '00ce11e04988fb9a1fadb6c999179272245d00148f1f7bfbee5af6e1f55b5155', 4, 1523238868, 'AAAACVIhuvfj6YF11uZdm/+pFC0xW5Heau6PUwJ5cahdH71c8dRjQnveydQl1ePWDnjdRyNsabAPuGNyPl2HOIz7/GMAAAAAWsrH1AAAAAAAAAAALLKPbMojH+RR+TSBDKGB/tufH2mL12ccCHr1Jn27yPAAzhHgSYj7mh+ttsmZF5JyJF0AFI8fe/vuWvbh9VtRVQAAAAQN4Lazp2QAAAAAAAAAAAJYAAAAAAAAAAAAAAAAAAAAZAAAAC0F9eEAAAAnEAAAAAAAAAAAAAAAAAAAAAAAAAAAAAAAAAAAAAAAAAAAAAAAAAAAAAAAAAAAAAAAAAAAAAAAAAAAAAAAAAAAAAAAAAAAAAAAAAAAAAAAAAAAAAAAAAAAAAAAAAAAAAAAAAAAAAAAAAAAAAAAAAAAAAAAAAAAAAAAAAAAAAAAAAAAAAAAAA==');
INSERT INTO public.ledgerheaders VALUES ('dc7490833d047f9e19cf71f93fc9b37980f1b5844c131f8de6b81ec80c808134', '28ec9326492f3adb4857549bb521bf23902bf54f4b7f28b622501b623ee7004f', '9c00f2d58fdd33ebdd9a14c33fb09066476ac4ca6591d0520777f798ac32dd75', 5, 1523238869, 'AAAACSjskyZJLzrbSFdUm7UhvyOQK/VPS38otiJQG2I+5wBPXJ2LYjR2TwYKGaIivOtfYAbpobM5Rj2q0RZ7EUiloEUAAAAAWsrH1QAAAAAAAAAAxlJuyWie0d1LzUCR1K4LD2g+0KuAHvbJ+SgmGHyguLWcAPLVj90z692aFMM/sJBmR2rEymWR0FIHd/eYrDLddQAAAAUN4Lazp2QAAAAAAAAAAAK8AAAAAAAAAAAAAAAAAAAAZAAAAC0F9eEAAAAnEAAAAAAAAAAAAAAAAAAAAAAAAAAAAAAAAAAAAAAAAAAAAAAAAAAAAAAAAAAAAAAAAAAAAAAAAAAAAAAAAAAAAAAAAAAAAAAAAAAAAAAAAAAAAAAAAAAAAAAAAAAAAAAAAAAAAAAAAAAAAAAAAAAAAAAAAAAAAAAAAAAAAAAAAAAAAAAAAA==');
INSERT INTO public.ledgerheaders VALUES ('d6376ccc6b2c6ba261516f2fd9287bd2498c1ecda8aebab490241ac9b19fbe60', 'dc7490833d047f9e19cf71f93fc9b37980f1b5844c131f8de6b81ec80c808134', 'e8c8563156d6d2d1ca35a3b3eb520fc34fd1eca0dd822e72b3bdf7880e02181f', 6, 1523238870, 'AAAACdx0kIM9BH+eGc9x+T/Js3mA8bWETBMfjea4HsgMgIE02/IPpIXROtAmEWoygq7l93DGT3t9G6iDFnHrKwCVLgsAAAAAWsrH1gAAAAAAAAAAFp2fvkMO7OW+Jq1zFYvyIp0pN6KM6DetMmxOjZVOCKfoyFYxVtbS0co1o7PrUg/DT9HsoN2CLnKzvfeIDgIYHwAAAAYN4Lazp2QAAAAAAAAAAAMgAAAAAAAAAAAAAAAAAAAAZAAAAC0F9eEAAAAnEAAAAAAAAAAAAAAAAAAAAAAAAAAAAAAAAAAAAAAAAAAAAAAAAAAAAAAAAAAAAAAAAAAAAAAAAAAAAAAAAAAAAAAAAAAAAAAAAAAAAAAAAAAAAAAAAAAAAAAAAAAAAAAAAAAAAAAAAAAAAAAAAAAAAAAAAAAAAAAAAAAAAAAAAAAAAAAAAA==');
INSERT INTO public.ledgerheaders VALUES ('31ee1dada58d410d305a45abcb5ffdc89f5d8c18d1a0e6f7cefa69b053541837', 'd6376ccc6b2c6ba261516f2fd9287bd2498c1ecda8aebab490241ac9b19fbe60', '98f53fc9f25f194602769ef1cf82c3812d7894b7ff34a1b088b8d610fb993e1d', 7, 1523238871, 'AAAACdY3bMxrLGuiYVFvL9koe9JJjB7NqK66tJAkGsmxn75gVPKvroIaJ/PxUhA3hfL9Rx0oHkwakgbIluqzvSMz38EAAAAAWsrH1wAAAAAAAAAA2F0xW7K6lNYrXRzu7d5HyBUnPlumNFQipNBwSQNAx1KY9T/J8l8ZRgJ2nvHPgsOBLXiUt/80obCIuNYQ+5k+HQAAAAcN4Lazp2QAAAAAAAAAAAOEAAAAAAAAAAAAAAAAAAAAZAAAAC0F9eEAAAAnEAAAAAAAAAAAAAAAAAAAAAAAAAAAAAAAAAAAAAAAAAAAAAAAAAAAAAAAAAAAAAAAAAAAAAAAAAAAAAAAAAAAAAAAAAAAAAAAAAAAAAAAAAAAAAAAAAAAAAAAAAAAAAAAAAAAAAAAAAAAAAAAAAAAAAAAAAAAAAAAAAAAAAAAAAAAAAAAAA==');
INSERT INTO public.ledgerheaders VALUES ('376287b4a1c606972cd8c44034f29b4578ffc3dc674abfc59f78e100812d10e5', '31ee1dada58d410d305a45abcb5ffdc89f5d8c18d1a0e6f7cefa69b053541837', 'c9d1407eb6f6d1bcbfe6af0babe9300b8169ab0cbfbe15fa6fa1121e63369049', 8, 1523238872, 'AAAACTHuHa2ljUENMFpFq8tf/cifXYwY0aDm9876abBTVBg351r9hKDPnaW0LnxvVBavWNH61foUI2DJAfQbVlcRJ1gAAAAAWsrH2AAAAAAAAAAA17tytOKBxgu8yeo5X/akyYnyYlyrUb7gJWE+zfCgC2DJ0UB+tvbRvL/mrwur6TALgWmrDL++FfpvoRIeYzaQSQAAAAgN4Lazp2QAAAAAAAAAAAPoAAAAAAAAAAAAAAAAAAAAZAAAAC0F9eEAAAAnEAAAAAAAAAAAAAAAAAAAAAAAAAAAAAAAAAAAAAAAAAAAAAAAAAAAAAAAAAAAAAAAAAAAAAAAAAAAAAAAAAAAAAAAAAAAAAAAAAAAAAAAAAAAAAAAAAAAAAAAAAAAAAAAAAAAAAAAAAAAAAAAAAAAAAAAAAAAAAAAAAAAAAAAAAAAAAAAAA==');
INSERT INTO public.ledgerheaders VALUES ('f66bc68732a6a31820cebb9b8766c355a94e2f9141215a4471f8fb9b53d91132', '376287b4a1c606972cd8c44034f29b4578ffc3dc674abfc59f78e100812d10e5', 'c9d1407eb6f6d1bcbfe6af0babe9300b8169ab0cbfbe15fa6fa1121e63369049', 9, 1523238873, 'AAAACTdih7ShxgaXLNjEQDTym0V4/8PcZ0q/xZ944QCBLRDl8gXt2h9JIvy96diimepKMS3YXbi+D+b6IMCrRqSlE4QAAAAAWsrH2QAAAAAAAAAA3z9hmASpL9tAVxktxD3XSOp3itxSvEmM6AUkwBS4ERnJ0UB+tvbRvL/mrwur6TALgWmrDL++FfpvoRIeYzaQSQAAAAkN4Lazp2QAAAAAAAAAAAPoAAAAAAAAAAAAAAAAAAAAZAAAAC0F9eEAAAAnEAAAAAAAAAAAAAAAAAAAAAAAAAAAAAAAAAAAAAAAAAAAAAAAAAAAAAAAAAAAAAAAAAAAAAAAAAAAAAAAAAAAAAAAAAAAAAAAAAAAAAAAAAAAAAAAAAAAAAAAAAAAAAAAAAAAAAAAAAAAAAAAAAAAAAAAAAAAAAAAAAAAAAAAAAAAAAAAAA==');


--
-- Data for Name: offers; Type: TABLE DATA; Schema: public; Owner: -
--



--
-- Data for Name: peers; Type: TABLE DATA; Schema: public; Owner: -
--



--
-- Data for Name: publishqueue; Type: TABLE DATA; Schema: public; Owner: -
--



--
-- Data for Name: pubsub; Type: TABLE DATA; Schema: public; Owner: -
--



--
-- Data for Name: scphistory; Type: TABLE DATA; Schema: public; Owner: -
--

INSERT INTO public.scphistory VALUES ('GCAZSXYAEL7YPB3PPGLQPGDP7A3TGFBTWBPL43NEQKGM4YUVVKND3XSL', 2, 'AAAAAIGZXwAi/4eHb3mXB5hv+DczFDOwXr5tpIKMzmKVqpo9AAAAAAAAAAIAAAACAAAAAQAAAEg2YeItD1Y7+jPUJiRfoWFbykPoozyzm9kl3Y/ue/7KXAAAAABaysfSAAAAAgAAAAgAAAABAAAACQAAAAgAAAADAAAnEAAAAAAAAAAB8ZP8f3laTb0VJGayBYwzhjLTvC2O8oP8NOJUNWStHfQAAABAMS8kPzUh+HYTTBTiADBI/8M/7QF1Q3wdHNS0KHiW38ddZH90a5O8OaBCyzShAzfvj/gINM5TSl8iZ4jxyNAWAg==');
INSERT INTO public.scphistory VALUES ('GCAZSXYAEL7YPB3PPGLQPGDP7A3TGFBTWBPL43NEQKGM4YUVVKND3XSL', 3, 'AAAAAIGZXwAi/4eHb3mXB5hv+DczFDOwXr5tpIKMzmKVqpo9AAAAAAAAAAMAAAACAAAAAQAAADAOvNMyAVeZ1sOP1ABHoIRcPmltiz9zyqJ2KY0R+DUJ3gAAAABaysfTAAAAAAAAAAAAAAAB8ZP8f3laTb0VJGayBYwzhjLTvC2O8oP8NOJUNWStHfQAAABA6LuBERrcPLz2TPEOaffGiQ4GwROodqPZdPhxH0WATR7JEtWNK6XW00G+eY+cYk0GhNotO+wf/yyU2c+MSY1BBw==');
INSERT INTO public.scphistory VALUES ('GCAZSXYAEL7YPB3PPGLQPGDP7A3TGFBTWBPL43NEQKGM4YUVVKND3XSL', 4, 'AAAAAIGZXwAi/4eHb3mXB5hv+DczFDOwXr5tpIKMzmKVqpo9AAAAAAAAAAQAAAACAAAAAQAAADDx1GNCe97J1CXV49YOeN1HI2xpsA+4Y3I+XYc4jPv8YwAAAABaysfUAAAAAAAAAAAAAAAB8ZP8f3laTb0VJGayBYwzhjLTvC2O8oP8NOJUNWStHfQAAABAfvv2q+RbstKalhabrJpHgPPDOhPk3cV1sKg3pphVCp0W+IBg12UVQspJO2qld0o+tec0y9UR8ydJdxdmvoJhBA==');
INSERT INTO public.scphistory VALUES ('GCAZSXYAEL7YPB3PPGLQPGDP7A3TGFBTWBPL43NEQKGM4YUVVKND3XSL', 5, 'AAAAAIGZXwAi/4eHb3mXB5hv+DczFDOwXr5tpIKMzmKVqpo9AAAAAAAAAAUAAAACAAAAAQAAADBcnYtiNHZPBgoZoiK8619gBumhszlGParRFnsRSKWgRQAAAABaysfVAAAAAAAAAAAAAAAB8ZP8f3laTb0VJGayBYwzhjLTvC2O8oP8NOJUNWStHfQAAABAYcGS/vcjyt1sLBIpkGCgFImgAcGsrRTx3KvSfT1pCDmJr1KI1n2wRqVNU1zyQ0DvU5psf+znxEevzzmlpoCjBg==');
INSERT INTO public.scphistory VALUES ('GCAZSXYAEL7YPB3PPGLQPGDP7A3TGFBTWBPL43NEQKGM4YUVVKND3XSL', 6, 'AAAAAIGZXwAi/4eHb3mXB5hv+DczFDOwXr5tpIKMzmKVqpo9AAAAAAAAAAYAAAACAAAAAQAAADDb8g+khdE60CYRajKCruX3cMZPe30bqIMWcesrAJUuCwAAAABaysfWAAAAAAAAAAAAAAAB8ZP8f3laTb0VJGayBYwzhjLTvC2O8oP8NOJUNWStHfQAAABA/2d+w/AdMFvVw/8gXCNykJFqhoUpBTomv76ETCRMZGiCseZTfllfmLWdQXZSleUHcH4jDKmWob7nkbLf7V+1DA==');
INSERT INTO public.scphistory VALUES ('GCAZSXYAEL7YPB3PPGLQPGDP7A3TGFBTWBPL43NEQKGM4YUVVKND3XSL', 7, 'AAAAAIGZXwAi/4eHb3mXB5hv+DczFDOwXr5tpIKMzmKVqpo9AAAAAAAAAAcAAAACAAAAAQAAADBU8q+ughon8/FSEDeF8v1HHSgeTBqSBsiW6rO9IzPfwQAAAABaysfXAAAAAAAAAAAAAAAB8ZP8f3laTb0VJGayBYwzhjLTvC2O8oP8NOJUNWStHfQAAABAuQiqUoERovhES3BuGnFeqpUeCp3AE3+0SiHl5qhJWGFjUYX2/HPoepA/bqoS4Ia8OIhhljfR8mvjFL2/tforCg==');
INSERT INTO public.scphistory VALUES ('GCAZSXYAEL7YPB3PPGLQPGDP7A3TGFBTWBPL43NEQKGM4YUVVKND3XSL', 8, 'AAAAAIGZXwAi/4eHb3mXB5hv+DczFDOwXr5tpIKMzmKVqpo9AAAAAAAAAAgAAAACAAAAAQAAADDnWv2EoM+dpbQufG9UFq9Y0frV+hQjYMkB9BtWVxEnWAAAAABaysfYAAAAAAAAAAAAAAAB8ZP8f3laTb0VJGayBYwzhjLTvC2O8oP8NOJUNWStHfQAAABAAVN+skofr9aJLqEKKVnD0g3WWySbYMgwb0H1CW1/06KrsTG5tbnEm3S+g654bLOArPltJEVsY9gH7QASUoy4BQ==');
INSERT INTO public.scphistory VALUES ('GCAZSXYAEL7YPB3PPGLQPGDP7A3TGFBTWBPL43NEQKGM4YUVVKND3XSL', 9, 'AAAAAIGZXwAi/4eHb3mXB5hv+DczFDOwXr5tpIKMzmKVqpo9AAAAAAAAAAkAAAACAAAAAQAAADDyBe3aH0ki/L3p2KKZ6koxLdhduL4P5vogwKtGpKUThAAAAABaysfZAAAAAAAAAAAAAAAB8ZP8f3laTb0VJGayBYwzhjLTvC2O8oP8NOJUNWStHfQAAABAbaGrUlnCS9sCB/7D5/rqcKDylNtCX0ohSP9SKAT8AAqEpJUWCCv8Q1t5Z6N6wsPZp55YDGNBhivR59rqmXOrCA==');


--
-- Data for Name: scpquorums; Type: TABLE DATA; Schema: public; Owner: -
--

INSERT INTO public.scpquorums VALUES ('f193fc7f795a4dbd152466b2058c338632d3bc2d8ef283fc34e2543564ad1df4', 9, 'AAAAAQAAAAEAAAAAgZlfACL/h4dveZcHmG/4NzMUM7Bevm2kgozOYpWqmj0AAAAA');


--
-- Data for Name: signers; Type: TABLE DATA; Schema: public; Owner: -
--



--
-- Data for Name: storestate; Type: TABLE DATA; Schema: public; Owner: -
--

INSERT INTO public.storestate VALUES ('lastclosedledger                ', 'f66bc68732a6a31820cebb9b8766c355a94e2f9141215a4471f8fb9b53d91132');
INSERT INTO public.storestate VALUES ('databaseschema                  ', '5');
INSERT INTO public.storestate VALUES ('networkpassphrase               ', 'Test SDF Network ; September 2015');
INSERT INTO public.storestate VALUES ('forcescponnextlaunch            ', 'false');
INSERT INTO public.storestate VALUES ('ledgerupgrades                  ', '{
    "time": 0,
    "version": {
        "has": false
    },
    "fee": {
        "has": false
    },
    "maxtxsize": {
        "has": false
    },
    "reserve": {
        "has": false
    }
}');
INSERT INTO public.storestate VALUES ('historyarchivestate             ', '{
    "version": 1,
    "server": "11bdc3d",
    "currentLedger": 9,
    "currentBuckets": [
        {
            "curr": "7143480fc84788c095e494cd2844321a62ce81d2e1d3ba6c15b9ac5d6bfe5848",
            "next": {
                "state": 0
            },
            "snap": "5fbe1e53bf079fb1745944c3b0eb066c16f2934238ae0c1595fdf6bdabf709c8"
        },
        {
            "curr": "119e94eda9f771a7917b37dc2a53fcdd55de1fd33f3ffebff65ee207b4947213",
            "next": {
                "state": 1,
                "output": "3a47c2d0cba5d3c8e84a8c739cab7a661dd1d13898ad9c4ae6281dc996c574c0"
            },
            "snap": "5d0267c5830128805375bd61c17d3b41edc594f0c0d0c520b0f57776624eaa50"
        },
        {
            "curr": "0000000000000000000000000000000000000000000000000000000000000000",
            "next": {
                "state": 1,
                "output": "85d70ff8507c4a08f80fed6c67c989ce8b4515db24cd1c1e5bd36dccbc8c43e2"
            },
            "snap": "0000000000000000000000000000000000000000000000000000000000000000"
        },
        {
            "curr": "0000000000000000000000000000000000000000000000000000000000000000",
            "next": {
                "state": 0
            },
            "snap": "0000000000000000000000000000000000000000000000000000000000000000"
        },
        {
            "curr": "0000000000000000000000000000000000000000000000000000000000000000",
            "next": {
                "state": 0
            },
            "snap": "0000000000000000000000000000000000000000000000000000000000000000"
        },
        {
            "curr": "0000000000000000000000000000000000000000000000000000000000000000",
            "next": {
                "state": 0
            },
            "snap": "0000000000000000000000000000000000000000000000000000000000000000"
        },
        {
            "curr": "0000000000000000000000000000000000000000000000000000000000000000",
            "next": {
                "state": 0
            },
            "snap": "0000000000000000000000000000000000000000000000000000000000000000"
        },
        {
            "curr": "0000000000000000000000000000000000000000000000000000000000000000",
            "next": {
                "state": 0
            },
            "snap": "0000000000000000000000000000000000000000000000000000000000000000"
        },
        {
            "curr": "0000000000000000000000000000000000000000000000000000000000000000",
            "next": {
                "state": 0
            },
            "snap": "0000000000000000000000000000000000000000000000000000000000000000"
        },
        {
            "curr": "0000000000000000000000000000000000000000000000000000000000000000",
            "next": {
                "state": 0
            },
            "snap": "0000000000000000000000000000000000000000000000000000000000000000"
        },
        {
            "curr": "0000000000000000000000000000000000000000000000000000000000000000",
            "next": {
                "state": 0
            },
            "snap": "0000000000000000000000000000000000000000000000000000000000000000"
        }
    ]
}');
INSERT INTO public.storestate VALUES ('lastscpdata                     ', 'AAAAAgAAAACBmV8AIv+Hh295lweYb/g3MxQzsF6+baSCjM5ilaqaPQAAAAAAAAAJAAAAA/GT/H95Wk29FSRmsgWMM4Yy07wtjvKD/DTiVDVkrR30AAAAAQAAADDyBe3aH0ki/L3p2KKZ6koxLdhduL4P5vogwKtGpKUThAAAAABaysfZAAAAAAAAAAAAAAABAAAAMPIF7dofSSL8venYopnqSjEt2F24vg/m+iDAq0akpROEAAAAAFrKx9kAAAAAAAAAAAAAAEDh0hFt1D585GgjD/UowZpWZazrOoiaoLX52mhFYNVZKpqH7t0e8+CCTEjM/I+D53HN2BMESK2N9x4TAsjqjeELAAAAAIGZXwAi/4eHb3mXB5hv+DczFDOwXr5tpIKMzmKVqpo9AAAAAAAAAAkAAAACAAAAAQAAADDyBe3aH0ki/L3p2KKZ6koxLdhduL4P5vogwKtGpKUThAAAAABaysfZAAAAAAAAAAAAAAAB8ZP8f3laTb0VJGayBYwzhjLTvC2O8oP8NOJUNWStHfQAAABAbaGrUlnCS9sCB/7D5/rqcKDylNtCX0ohSP9SKAT8AAqEpJUWCCv8Q1t5Z6N6wsPZp55YDGNBhivR59rqmXOrCAAAAAE3Yoe0ocYGlyzYxEA08ptFeP/D3GdKv8WfeOEAgS0Q5QAAAAAAAAABAAAAAQAAAAEAAAAAgZlfACL/h4dveZcHmG/4NzMUM7Bevm2kgozOYpWqmj0AAAAA');


--
-- Data for Name: trustlines; Type: TABLE DATA; Schema: public; Owner: -
--

INSERT INTO public.trustlines VALUES ('GCXKG6RN4ONIEPCMNFB732A436Z5PNDSRLGWK7GBLCMQLIFO4S7EYWVU', 1, 'GC23QF2HUE52AMXUFUH3AYJAXXGXXV2VHXYYR6EYXETPKDXZSAW67XO4', 'USD', 9223372036854775807, 0, 1, 6);
INSERT INTO public.trustlines VALUES ('GBXGQJWVLWOYHFLVTKWV5FGHA3LNYY2JQKM7OAJAUEQFU6LPCSEFVXON', 1, 'GC23QF2HUE52AMXUFUH3AYJAXXGXXV2VHXYYR6EYXETPKDXZSAW67XO4', 'USD', 40000000000, 0, 0, 8);


--
-- Data for Name: txfeehistory; Type: TABLE DATA; Schema: public; Owner: -
--

INSERT INTO public.txfeehistory VALUES ('db398eb4ae89756325643cad21c94e13bfc074b323ee83e141bf701a5d904f1b', 2, 1, 'AAAAAgAAAAMAAAABAAAAAAAAAABi/B0L0JGythwN1lY0aypo19NHxvLCyO5tBEcCVvwF9w3gtrOnZAAAAAAAAAAAAAAAAAAAAAAAAAAAAAAAAAAAAQAAAAAAAAAAAAAAAAAAAAAAAAEAAAACAAAAAAAAAABi/B0L0JGythwN1lY0aypo19NHxvLCyO5tBEcCVvwF9w3gtrOnY/+cAAAAAAAAAAEAAAAAAAAAAAAAAAAAAAAAAQAAAAAAAAAAAAAAAAAAAA==');
INSERT INTO public.txfeehistory VALUES ('f97caffab8c16023a37884165cb0b3ff1aa2daf4000fef49d21efc847ddbfbea', 2, 2, 'AAAAAgAAAAMAAAACAAAAAAAAAABi/B0L0JGythwN1lY0aypo19NHxvLCyO5tBEcCVvwF9w3gtrOnY/+cAAAAAAAAAAEAAAAAAAAAAAAAAAAAAAAAAQAAAAAAAAAAAAAAAAAAAAAAAAEAAAACAAAAAAAAAABi/B0L0JGythwN1lY0aypo19NHxvLCyO5tBEcCVvwF9w3gtrOnY/84AAAAAAAAAAIAAAAAAAAAAAAAAAAAAAAAAQAAAAAAAAAAAAAAAAAAAA==');
INSERT INTO public.txfeehistory VALUES ('90880ac53815dac8441add0220a7631ef5eac3d57c2e89634ea9b5203f61a8e4', 2, 3, 'AAAAAgAAAAMAAAACAAAAAAAAAABi/B0L0JGythwN1lY0aypo19NHxvLCyO5tBEcCVvwF9w3gtrOnY/84AAAAAAAAAAIAAAAAAAAAAAAAAAAAAAAAAQAAAAAAAAAAAAAAAAAAAAAAAAEAAAACAAAAAAAAAABi/B0L0JGythwN1lY0aypo19NHxvLCyO5tBEcCVvwF9w3gtrOnY/7UAAAAAAAAAAMAAAAAAAAAAAAAAAAAAAAAAQAAAAAAAAAAAAAAAAAAAA==');
INSERT INTO public.txfeehistory VALUES ('7a707186a5cc36a0e520548ae511b53896c0391ce166d40da80588cbaae6aa2c', 3, 1, 'AAAAAgAAAAMAAAACAAAAAAAAAAC1uBdHoTugMvQtD7BhIL3Ne9dVPfGI+Ji5JvUO+ZAt7wAAAAJUC+QAAAAAAgAAAAAAAAAAAAAAAAAAAAAAAAAAAQAAAAAAAAAAAAAAAAAAAAAAAAEAAAADAAAAAAAAAAC1uBdHoTugMvQtD7BhIL3Ne9dVPfGI+Ji5JvUO+ZAt7wAAAAJUC+OcAAAAAgAAAAEAAAAAAAAAAAAAAAAAAAAAAQAAAAAAAAAAAAAAAAAAAA==');
INSERT INTO public.txfeehistory VALUES ('c6bfdd93f1470df9dfa3ef95d57ba28cecace068d9f2bb040a79ffc7c5d96cb9', 3, 2, 'AAAAAgAAAAMAAAADAAAAAAAAAAC1uBdHoTugMvQtD7BhIL3Ne9dVPfGI+Ji5JvUO+ZAt7wAAAAJUC+OcAAAAAgAAAAEAAAAAAAAAAAAAAAAAAAAAAQAAAAAAAAAAAAAAAAAAAAAAAAEAAAADAAAAAAAAAAC1uBdHoTugMvQtD7BhIL3Ne9dVPfGI+Ji5JvUO+ZAt7wAAAAJUC+M4AAAAAgAAAAIAAAAAAAAAAAAAAAAAAAAAAQAAAAAAAAAAAAAAAAAAAA==');
INSERT INTO public.txfeehistory VALUES ('bd486dbdd02d460817671c4a5a7e9d6e865ca29cb41e62d7aaf70a2fee5b36de', 4, 1, 'AAAAAgAAAAMAAAACAAAAAAAAAACuo3ot45qCPExpQ/3oHN+z17Ryis1lfMFYmQWgruS+TAAAAAJUC+QAAAAAAgAAAAAAAAAAAAAAAAAAAAAAAAAAAQAAAAAAAAAAAAAAAAAAAAAAAAEAAAAEAAAAAAAAAACuo3ot45qCPExpQ/3oHN+z17Ryis1lfMFYmQWgruS+TAAAAAJUC+OcAAAAAgAAAAEAAAAAAAAAAAAAAAAAAAAAAQAAAAAAAAAAAAAAAAAAAA==');
INSERT INTO public.txfeehistory VALUES ('b55d768a4e8e712da20efdee0e7d85f02948f9b6fd3ef2daefd3a5a147ecd63d', 5, 1, 'AAAAAgAAAAMAAAACAAAAAAAAAABuaCbVXZ2DlXWarV6UxwbW3GNJgpn3ASChIFp5bxSIWgAAAAJUC+QAAAAAAgAAAAAAAAAAAAAAAAAAAAAAAAAAAQAAAAAAAAAAAAAAAAAAAAAAAAEAAAAFAAAAAAAAAABuaCbVXZ2DlXWarV6UxwbW3GNJgpn3ASChIFp5bxSIWgAAAAJUC+OcAAAAAgAAAAEAAAAAAAAAAAAAAAAAAAAAAQAAAAAAAAAAAAAAAAAAAA==');
INSERT INTO public.txfeehistory VALUES ('3b666a253313fc7a0d241ee28064eec78aaa5ebd0a7c0ae7f85259e80fad029f', 6, 1, 'AAAAAgAAAAMAAAADAAAAAAAAAAC1uBdHoTugMvQtD7BhIL3Ne9dVPfGI+Ji5JvUO+ZAt7wAAAAJUC+M4AAAAAgAAAAIAAAAAAAAAAAAAAAMAAAAAAQAAAAAAAAAAAAAAAAAAAAAAAAEAAAAGAAAAAAAAAAC1uBdHoTugMvQtD7BhIL3Ne9dVPfGI+Ji5JvUO+ZAt7wAAAAJUC+LUAAAAAgAAAAMAAAAAAAAAAAAAAAMAAAAAAQAAAAAAAAAAAAAAAAAAAA==');
INSERT INTO public.txfeehistory VALUES ('3f2aa00ba539e24ba9c0ba62f50318d8c7180f2d6757cc76e9984055c5e19ff4', 7, 1, 'AAAAAgAAAAMAAAAGAAAAAAAAAAC1uBdHoTugMvQtD7BhIL3Ne9dVPfGI+Ji5JvUO+ZAt7wAAAAJUC+LUAAAAAgAAAAMAAAAAAAAAAAAAAAMAAAAAAQAAAAAAAAAAAAAAAAAAAAAAAAEAAAAHAAAAAAAAAAC1uBdHoTugMvQtD7BhIL3Ne9dVPfGI+Ji5JvUO+ZAt7wAAAAJUC+JwAAAAAgAAAAQAAAAAAAAAAAAAAAMAAAAAAQAAAAAAAAAAAAAAAAAAAA==');
INSERT INTO public.txfeehistory VALUES ('3ce9fc1159c25adc62c9686792cd41f06908280b899744057856db33bafe75de', 8, 1, 'AAAAAgAAAAMAAAAHAAAAAAAAAAC1uBdHoTugMvQtD7BhIL3Ne9dVPfGI+Ji5JvUO+ZAt7wAAAAJUC+JwAAAAAgAAAAQAAAAAAAAAAAAAAAMAAAAAAQAAAAAAAAAAAAAAAAAAAAAAAAEAAAAIAAAAAAAAAAC1uBdHoTugMvQtD7BhIL3Ne9dVPfGI+Ji5JvUO+ZAt7wAAAAJUC+IMAAAAAgAAAAUAAAAAAAAAAAAAAAMAAAAAAQAAAAAAAAAAAAAAAAAAAA==');


--
-- Data for Name: txhistory; Type: TABLE DATA; Schema: public; Owner: -
--

INSERT INTO public.txhistory VALUES ('db398eb4ae89756325643cad21c94e13bfc074b323ee83e141bf701a5d904f1b', 2, 1, 'AAAAAGL8HQvQkbK2HA3WVjRrKmjX00fG8sLI7m0ERwJW/AX3AAAAZAAAAAAAAAABAAAAAAAAAAAAAAABAAAAAAAAAAAAAAAAtbgXR6E7oDL0LQ+wYSC9zXvXVT3xiPiYuSb1DvmQLe8AAAACVAvkAAAAAAAAAAABVvwF9wAAAEAYjQcPT2G5hqnBmgGGeg9J8l4c1EnUlxklElH9sqZr0971F6OLWfe/m4kpFtI+sI0i1qLit5A0JyWnbhYLW5oD', '2zmOtK6JdWMlZDytIclOE7/AdLMj7oPhQb9wGl2QTxsAAAAAAAAAZAAAAAAAAAABAAAAAAAAAAAAAAAAAAAAAA==', 'AAAAAAAAAAEAAAACAAAAAAAAAAIAAAAAAAAAALW4F0ehO6Ay9C0PsGEgvc1711U98Yj4mLkm9Q75kC3vAAAAAlQL5AAAAAACAAAAAAAAAAAAAAAAAAAAAAAAAAABAAAAAAAAAAAAAAAAAAAAAAAAAQAAAAIAAAAAAAAAAGL8HQvQkbK2HA3WVjRrKmjX00fG8sLI7m0ERwJW/AX3DeC2sVNYGtQAAAAAAAAAAwAAAAAAAAAAAAAAAAAAAAABAAAAAAAAAAAAAAAAAAAA');
INSERT INTO public.txhistory VALUES ('f97caffab8c16023a37884165cb0b3ff1aa2daf4000fef49d21efc847ddbfbea', 2, 2, 'AAAAAGL8HQvQkbK2HA3WVjRrKmjX00fG8sLI7m0ERwJW/AX3AAAAZAAAAAAAAAACAAAAAAAAAAAAAAABAAAAAAAAAAAAAAAArqN6LeOagjxMaUP96Bzfs9e0corNZXzBWJkFoK7kvkwAAAACVAvkAAAAAAAAAAABVvwF9wAAAEBmKpSgvrwKO20XCOfYfXsGEEUtwYaaEfqSu6ymJmlDma+IX6I7IggbUZMocQdZ94IMAfKdQANqXbIO7ysweeMC', '+Xyv+rjBYCOjeIQWXLCz/xqi2vQAD+9J0h78hH3b++oAAAAAAAAAZAAAAAAAAAABAAAAAAAAAAAAAAAAAAAAAA==', 'AAAAAAAAAAEAAAACAAAAAAAAAAIAAAAAAAAAAK6jei3jmoI8TGlD/egc37PXtHKKzWV8wViZBaCu5L5MAAAAAlQL5AAAAAACAAAAAAAAAAAAAAAAAAAAAAAAAAABAAAAAAAAAAAAAAAAAAAAAAAAAQAAAAIAAAAAAAAAAGL8HQvQkbK2HA3WVjRrKmjX00fG8sLI7m0ERwJW/AX3DeC2rv9MNtQAAAAAAAAAAwAAAAAAAAAAAAAAAAAAAAABAAAAAAAAAAAAAAAAAAAA');
INSERT INTO public.txhistory VALUES ('90880ac53815dac8441add0220a7631ef5eac3d57c2e89634ea9b5203f61a8e4', 2, 3, 'AAAAAGL8HQvQkbK2HA3WVjRrKmjX00fG8sLI7m0ERwJW/AX3AAAAZAAAAAAAAAADAAAAAAAAAAAAAAABAAAAAAAAAAAAAAAAbmgm1V2dg5V1mq1elMcG1txjSYKZ9wEgoSBaeW8UiFoAAAACVAvkAAAAAAAAAAABVvwF9wAAAEBdX4R/Ghzq8/r+u8PL+sNriHsS5lW1Vt+9eCe0nnWMNTzMgcUbarePbrpD2gr8DjVumcmpVH9wG2GXtWvwzXoL', 'kIgKxTgV2shEGt0CIKdjHvXqw9V8LoljTqm1ID9hqOQAAAAAAAAAZAAAAAAAAAABAAAAAAAAAAAAAAAAAAAAAA==', 'AAAAAAAAAAEAAAACAAAAAAAAAAIAAAAAAAAAAG5oJtVdnYOVdZqtXpTHBtbcY0mCmfcBIKEgWnlvFIhaAAAAAlQL5AAAAAACAAAAAAAAAAAAAAAAAAAAAAAAAAABAAAAAAAAAAAAAAAAAAAAAAAAAQAAAAIAAAAAAAAAAGL8HQvQkbK2HA3WVjRrKmjX00fG8sLI7m0ERwJW/AX3DeC2rKtAUtQAAAAAAAAAAwAAAAAAAAAAAAAAAAAAAAABAAAAAAAAAAAAAAAAAAAA');
INSERT INTO public.txhistory VALUES ('7a707186a5cc36a0e520548ae511b53896c0391ce166d40da80588cbaae6aa2c', 3, 1, 'AAAAALW4F0ehO6Ay9C0PsGEgvc1711U98Yj4mLkm9Q75kC3vAAAAZAAAAAIAAAABAAAAAAAAAAAAAAABAAAAAAAAAAUAAAAAAAAAAQAAAAAAAAABAAAAAQAAAAAAAAAAAAAAAAAAAAAAAAAAAAAAAAAAAAAAAAAB+ZAt7wAAAEDBhDOsFWP2KCoZuJDRXuiNm0CjgVKLLtdZi/A3OfrCsgvX8izhAllXkRqrXyitSvGo3kQh6V/S/tnQbrYgHQQG', 'enBxhqXMNqDlIFSK5RG1OJbAORzhZtQNqAWIy6rmqiwAAAAAAAAAZAAAAAAAAAABAAAAAAAAAAUAAAAAAAAAAA==', 'AAAAAAAAAAEAAAACAAAAAwAAAAMAAAAAAAAAALW4F0ehO6Ay9C0PsGEgvc1711U98Yj4mLkm9Q75kC3vAAAAAlQL4zgAAAACAAAAAgAAAAAAAAAAAAAAAAAAAAABAAAAAAAAAAAAAAAAAAAAAAAAAQAAAAMAAAAAAAAAALW4F0ehO6Ay9C0PsGEgvc1711U98Yj4mLkm9Q75kC3vAAAAAlQL4zgAAAACAAAAAgAAAAAAAAAAAAAAAQAAAAABAAAAAAAAAAAAAAAAAAAA');
INSERT INTO public.txhistory VALUES ('c6bfdd93f1470df9dfa3ef95d57ba28cecace068d9f2bb040a79ffc7c5d96cb9', 3, 2, 'AAAAALW4F0ehO6Ay9C0PsGEgvc1711U98Yj4mLkm9Q75kC3vAAAAZAAAAAIAAAACAAAAAAAAAAAAAAABAAAAAAAAAAUAAAAAAAAAAQAAAAAAAAABAAAAAgAAAAAAAAAAAAAAAAAAAAAAAAAAAAAAAAAAAAAAAAAB+ZAt7wAAAEBVJkTQTFlpFKoMhcibMpdJ5khR91LY3zPQwv/e5Ov7XIcWKGIv5sDfgyhaK/x5WYWfawNWcc5fMlW7c/PxGOQJ', 'xr/dk/FHDfnfo++V1XuijOys4GjZ8rsECnn/x8XZbLkAAAAAAAAAZAAAAAAAAAABAAAAAAAAAAUAAAAAAAAAAA==', 'AAAAAAAAAAEAAAACAAAAAwAAAAMAAAAAAAAAALW4F0ehO6Ay9C0PsGEgvc1711U98Yj4mLkm9Q75kC3vAAAAAlQL4zgAAAACAAAAAgAAAAAAAAAAAAAAAQAAAAABAAAAAAAAAAAAAAAAAAAAAAAAAQAAAAMAAAAAAAAAALW4F0ehO6Ay9C0PsGEgvc1711U98Yj4mLkm9Q75kC3vAAAAAlQL4zgAAAACAAAAAgAAAAAAAAAAAAAAAwAAAAABAAAAAAAAAAAAAAAAAAAA');
INSERT INTO public.txhistory VALUES ('bd486dbdd02d460817671c4a5a7e9d6e865ca29cb41e62d7aaf70a2fee5b36de', 4, 1, 'AAAAAK6jei3jmoI8TGlD/egc37PXtHKKzWV8wViZBaCu5L5MAAAAZAAAAAIAAAABAAAAAAAAAAAAAAABAAAAAAAAAAYAAAABVVNEAAAAAAC1uBdHoTugMvQtD7BhIL3Ne9dVPfGI+Ji5JvUO+ZAt73//////////AAAAAAAAAAGu5L5MAAAAQB9kmKW2q3v7Qfy8PMekEb1TTI5ixqkI0BogXrOt7gO162Qbkh2dSTUfeDovc0PAafhDXxthVAlsLujlBmyjBAY=', 'vUhtvdAtRggXZxxKWn6dboZcopy0HmLXqvcKL+5bNt4AAAAAAAAAZAAAAAAAAAABAAAAAAAAAAYAAAAAAAAAAA==', 'AAAAAAAAAAEAAAADAAAAAAAAAAQAAAABAAAAAK6jei3jmoI8TGlD/egc37PXtHKKzWV8wViZBaCu5L5MAAAAAVVTRAAAAAAAtbgXR6E7oDL0LQ+wYSC9zXvXVT3xiPiYuSb1DvmQLe8AAAAAAAAAAH//////////AAAAAAAAAAAAAAAAAAAAAwAAAAQAAAAAAAAAAK6jei3jmoI8TGlD/egc37PXtHKKzWV8wViZBaCu5L5MAAAAAlQL45wAAAACAAAAAQAAAAAAAAAAAAAAAAAAAAABAAAAAAAAAAAAAAAAAAAAAAAAAQAAAAQAAAAAAAAAAK6jei3jmoI8TGlD/egc37PXtHKKzWV8wViZBaCu5L5MAAAAAlQL45wAAAACAAAAAQAAAAEAAAAAAAAAAAAAAAABAAAAAAAAAAAAAAAAAAAA');
INSERT INTO public.txhistory VALUES ('b55d768a4e8e712da20efdee0e7d85f02948f9b6fd3ef2daefd3a5a147ecd63d', 5, 1, 'AAAAAG5oJtVdnYOVdZqtXpTHBtbcY0mCmfcBIKEgWnlvFIhaAAAAZAAAAAIAAAABAAAAAAAAAAAAAAABAAAAAAAAAAYAAAABVVNEAAAAAAC1uBdHoTugMvQtD7BhIL3Ne9dVPfGI+Ji5JvUO+ZAt7wAAAAlQL5AAAAAAAAAAAAFvFIhaAAAAQBlpm/6rv5JvbN2AKUSlH+4idIlX0cM678QXxK+il0u7z3KLORdzKSkLnS5WdLZlAB6iDmoKI5WbydQLktNtDQA=', 'tV12ik6OcS2iDv3uDn2F8ClI+bb9PvLa79OloUfs1j0AAAAAAAAAZAAAAAAAAAABAAAAAAAAAAYAAAAAAAAAAA==', 'AAAAAAAAAAEAAAADAAAAAAAAAAUAAAABAAAAAG5oJtVdnYOVdZqtXpTHBtbcY0mCmfcBIKEgWnlvFIhaAAAAAVVTRAAAAAAAtbgXR6E7oDL0LQ+wYSC9zXvXVT3xiPiYuSb1DvmQLe8AAAAAAAAAAAAAAAlQL5AAAAAAAAAAAAAAAAAAAAAAAwAAAAUAAAAAAAAAAG5oJtVdnYOVdZqtXpTHBtbcY0mCmfcBIKEgWnlvFIhaAAAAAlQL45wAAAACAAAAAQAAAAAAAAAAAAAAAAAAAAABAAAAAAAAAAAAAAAAAAAAAAAAAQAAAAUAAAAAAAAAAG5oJtVdnYOVdZqtXpTHBtbcY0mCmfcBIKEgWnlvFIhaAAAAAlQL45wAAAACAAAAAQAAAAEAAAAAAAAAAAAAAAABAAAAAAAAAAAAAAAAAAAA');
INSERT INTO public.txhistory VALUES ('3b666a253313fc7a0d241ee28064eec78aaa5ebd0a7c0ae7f85259e80fad029f', 6, 1, 'AAAAALW4F0ehO6Ay9C0PsGEgvc1711U98Yj4mLkm9Q75kC3vAAAAZAAAAAIAAAADAAAAAAAAAAAAAAABAAAAAAAAAAcAAAAArqN6LeOagjxMaUP96Bzfs9e0corNZXzBWJkFoK7kvkwAAAABVVNEAAAAAAEAAAAAAAAAAfmQLe8AAABAL6czYFvSBhdVeD4fbXOHuXFa2CDqLpFfc+QJnoiPLt/23YViURGLyfg388FKMKsbNJEgmFsCJjtgl3fj7wr/Aw==', 'O2ZqJTMT/HoNJB7igGTux4qqXr0KfArn+FJZ6A+tAp8AAAAAAAAAZAAAAAAAAAABAAAAAAAAAAcAAAAAAAAAAA==', 'AAAAAAAAAAEAAAACAAAAAwAAAAQAAAABAAAAAK6jei3jmoI8TGlD/egc37PXtHKKzWV8wViZBaCu5L5MAAAAAVVTRAAAAAAAtbgXR6E7oDL0LQ+wYSC9zXvXVT3xiPiYuSb1DvmQLe8AAAAAAAAAAH//////////AAAAAAAAAAAAAAAAAAAAAQAAAAYAAAABAAAAAK6jei3jmoI8TGlD/egc37PXtHKKzWV8wViZBaCu5L5MAAAAAVVTRAAAAAAAtbgXR6E7oDL0LQ+wYSC9zXvXVT3xiPiYuSb1DvmQLe8AAAAAAAAAAH//////////AAAAAQAAAAAAAAAA');
INSERT INTO public.txhistory VALUES ('3f2aa00ba539e24ba9c0ba62f50318d8c7180f2d6757cc76e9984055c5e19ff4', 7, 1, 'AAAAALW4F0ehO6Ay9C0PsGEgvc1711U98Yj4mLkm9Q75kC3vAAAAZAAAAAIAAAAEAAAAAAAAAAAAAAABAAAAAAAAAAcAAAAAbmgm1V2dg5V1mq1elMcG1txjSYKZ9wEgoSBaeW8UiFoAAAABVVNEAAAAAAEAAAAAAAAAAfmQLe8AAABA1TAQBu/2f7XHs/ctAJ5W7Ytk4jvQBopdO05zkSQoS8piu1mZm/tTvDTXEq/QUufpt/E8NBgKtNpcJXuMv5aPCw==', 'PyqgC6U54kupwLpi9QMY2McYDy1nV8x26ZhAVcXhn/QAAAAAAAAAZAAAAAAAAAABAAAAAAAAAAcAAAAAAAAAAA==', 'AAAAAAAAAAEAAAACAAAAAwAAAAUAAAABAAAAAG5oJtVdnYOVdZqtXpTHBtbcY0mCmfcBIKEgWnlvFIhaAAAAAVVTRAAAAAAAtbgXR6E7oDL0LQ+wYSC9zXvXVT3xiPiYuSb1DvmQLe8AAAAAAAAAAAAAAAlQL5AAAAAAAAAAAAAAAAAAAAAAAQAAAAcAAAABAAAAAG5oJtVdnYOVdZqtXpTHBtbcY0mCmfcBIKEgWnlvFIhaAAAAAVVTRAAAAAAAtbgXR6E7oDL0LQ+wYSC9zXvXVT3xiPiYuSb1DvmQLe8AAAAAAAAAAAAAAAlQL5AAAAAAAQAAAAAAAAAA');
INSERT INTO public.txhistory VALUES ('3ce9fc1159c25adc62c9686792cd41f06908280b899744057856db33bafe75de', 8, 1, 'AAAAALW4F0ehO6Ay9C0PsGEgvc1711U98Yj4mLkm9Q75kC3vAAAAZAAAAAIAAAAFAAAAAAAAAAAAAAABAAAAAAAAAAcAAAAAbmgm1V2dg5V1mq1elMcG1txjSYKZ9wEgoSBaeW8UiFoAAAABVVNEAAAAAAAAAAAAAAAAAfmQLe8AAABASafHp/zp11tF81MRvbAnx9gQNTXdLW4DmoIofkgoG+jJw/Xj/k+N5WvSjqGrGF33uB6KnD+wAfQIhf0/DlxpBQ==', 'POn8EVnCWtxiyWhnks1B8GkIKAuJl0QFeFbbM7r+dd4AAAAAAAAAZAAAAAAAAAABAAAAAAAAAAcAAAAAAAAAAA==', 'AAAAAAAAAAEAAAACAAAAAwAAAAcAAAABAAAAAG5oJtVdnYOVdZqtXpTHBtbcY0mCmfcBIKEgWnlvFIhaAAAAAVVTRAAAAAAAtbgXR6E7oDL0LQ+wYSC9zXvXVT3xiPiYuSb1DvmQLe8AAAAAAAAAAAAAAAlQL5AAAAAAAQAAAAAAAAAAAAAAAQAAAAgAAAABAAAAAG5oJtVdnYOVdZqtXpTHBtbcY0mCmfcBIKEgWnlvFIhaAAAAAVVTRAAAAAAAtbgXR6E7oDL0LQ+wYSC9zXvXVT3xiPiYuSb1DvmQLe8AAAAAAAAAAAAAAAlQL5AAAAAAAAAAAAAAAAAA');


--
-- Name: accountdata accountdata_pkey; Type: CONSTRAINT; Schema: public; Owner: -
--

ALTER TABLE ONLY public.accountdata
    ADD CONSTRAINT accountdata_pkey PRIMARY KEY (accountid, dataname);


--
-- Name: accounts accounts_pkey; Type: CONSTRAINT; Schema: public; Owner: -
--

ALTER TABLE ONLY public.accounts
    ADD CONSTRAINT accounts_pkey PRIMARY KEY (accountid);


--
-- Name: ban ban_pkey; Type: CONSTRAINT; Schema: public; Owner: -
--

ALTER TABLE ONLY public.ban
    ADD CONSTRAINT ban_pkey PRIMARY KEY (nodeid);


--
-- Name: ledgerheaders ledgerheaders_ledgerseq_key; Type: CONSTRAINT; Schema: public; Owner: -
--

ALTER TABLE ONLY public.ledgerheaders
    ADD CONSTRAINT ledgerheaders_ledgerseq_key UNIQUE (ledgerseq);


--
-- Name: ledgerheaders ledgerheaders_pkey; Type: CONSTRAINT; Schema: public; Owner: -
--

ALTER TABLE ONLY public.ledgerheaders
    ADD CONSTRAINT ledgerheaders_pkey PRIMARY KEY (ledgerhash);


--
-- Name: offers offers_pkey; Type: CONSTRAINT; Schema: public; Owner: -
--

ALTER TABLE ONLY public.offers
    ADD CONSTRAINT offers_pkey PRIMARY KEY (offerid);


--
-- Name: peers peers_pkey; Type: CONSTRAINT; Schema: public; Owner: -
--

ALTER TABLE ONLY public.peers
    ADD CONSTRAINT peers_pkey PRIMARY KEY (ip, port);


--
-- Name: publishqueue publishqueue_pkey; Type: CONSTRAINT; Schema: public; Owner: -
--

ALTER TABLE ONLY public.publishqueue
    ADD CONSTRAINT publishqueue_pkey PRIMARY KEY (ledger);


--
-- Name: pubsub pubsub_pkey; Type: CONSTRAINT; Schema: public; Owner: -
--

ALTER TABLE ONLY public.pubsub
    ADD CONSTRAINT pubsub_pkey PRIMARY KEY (resid);


--
-- Name: scpquorums scpquorums_pkey; Type: CONSTRAINT; Schema: public; Owner: -
--

ALTER TABLE ONLY public.scpquorums
    ADD CONSTRAINT scpquorums_pkey PRIMARY KEY (qsethash);


--
-- Name: signers signers_pkey; Type: CONSTRAINT; Schema: public; Owner: -
--

ALTER TABLE ONLY public.signers
    ADD CONSTRAINT signers_pkey PRIMARY KEY (accountid, publickey);


--
-- Name: storestate storestate_pkey; Type: CONSTRAINT; Schema: public; Owner: -
--

ALTER TABLE ONLY public.storestate
    ADD CONSTRAINT storestate_pkey PRIMARY KEY (statename);


--
-- Name: trustlines trustlines_pkey; Type: CONSTRAINT; Schema: public; Owner: -
--

ALTER TABLE ONLY public.trustlines
    ADD CONSTRAINT trustlines_pkey PRIMARY KEY (accountid, issuer, assetcode);


--
-- Name: txfeehistory txfeehistory_pkey; Type: CONSTRAINT; Schema: public; Owner: -
--

ALTER TABLE ONLY public.txfeehistory
    ADD CONSTRAINT txfeehistory_pkey PRIMARY KEY (ledgerseq, txindex);


--
-- Name: txhistory txhistory_pkey; Type: CONSTRAINT; Schema: public; Owner: -
--

ALTER TABLE ONLY public.txhistory
    ADD CONSTRAINT txhistory_pkey PRIMARY KEY (ledgerseq, txindex);


--
-- Name: accountbalances; Type: INDEX; Schema: public; Owner: -
--

CREATE INDEX accountbalances ON public.accounts USING btree (balance) WHERE (balance >= 1000000000);


--
-- Name: buyingissuerindex; Type: INDEX; Schema: public; Owner: -
--

CREATE INDEX buyingissuerindex ON public.offers USING btree (buyingissuer);


--
-- Name: histbyseq; Type: INDEX; Schema: public; Owner: -
--

CREATE INDEX histbyseq ON public.txhistory USING btree (ledgerseq);


--
-- Name: histfeebyseq; Type: INDEX; Schema: public; Owner: -
--

CREATE INDEX histfeebyseq ON public.txfeehistory USING btree (ledgerseq);


--
-- Name: ledgersbyseq; Type: INDEX; Schema: public; Owner: -
--

CREATE INDEX ledgersbyseq ON public.ledgerheaders USING btree (ledgerseq);


--
-- Name: priceindex; Type: INDEX; Schema: public; Owner: -
--

CREATE INDEX priceindex ON public.offers USING btree (price);


--
-- Name: scpenvsbyseq; Type: INDEX; Schema: public; Owner: -
--

CREATE INDEX scpenvsbyseq ON public.scphistory USING btree (ledgerseq);


--
-- Name: scpquorumsbyseq; Type: INDEX; Schema: public; Owner: -
--

CREATE INDEX scpquorumsbyseq ON public.scpquorums USING btree (lastledgerseq);


--
-- Name: sellingissuerindex; Type: INDEX; Schema: public; Owner: -
--

CREATE INDEX sellingissuerindex ON public.offers USING btree (sellingissuer);


--
-- Name: signersaccount; Type: INDEX; Schema: public; Owner: -
--

CREATE INDEX signersaccount ON public.signers USING btree (accountid);


--
-- PostgreSQL database dump complete
--

